{"baseball": 90, "basketball-game": 77, "bears-ball": 78, "bmx-rider": 85, "butterfly": 80, "car-competition": 66, "cat": 52, "chairlift": 99, "circus": 73, "city-ride": 70, "crafting": 45, "curling": 76, "dog-competition": 85, "dolphins-show": 74, "dribbling": 49, "drone-flying": 70, "ducks": 75, "elephant-hyenas": 55, "giraffes": 88, "gym-ball": 69, "helicopter-landing": 77, "horse-race": 80, "horses-kids": 78, "hurdles-race": 55, "ice-hockey": 52, "jet-ski": 83, "juggling-selfie": 78, "kayak-race": 63, "kids-robot": 75, "landing": 35, "luggage": 83, "mantaray": 73, "marbles": 70, "mascot": 78, "mermaid": 78, "monster-trucks": 99, "motorbike-indoors": 79, "motorbike-race": 88, "music-band": 87, "obstacles": 81, "obstacles-race": 48, "peacock": 75, "plane-exhibition": 73, "puppet": 100, "robot-battle": 85, "robotic-arm": 82, "rodeo": 85, "sea-turtle": 90, "skydiving-jumping": 75, "snowboard-race": 75, "snowboard-sand": 55, "surfer": 80, "swimmer": 86, "table-tennis": 70, "tram": 84, "trucks-race": 78, "twist-dance": 83, "volleyball-beach": 73, "water-slide": 88, "weightlifting": 90}